Designator,Val,Package,Mid X,Mid Y,Rotation,Layer
J10,Conn_01x03_Pin,PinHeader_1x03_P1.00mm_Vertical_SMD_Pin1Left,119,-95,-90,bottom
J11,Conn_01x03_Pin,PinHeader_1x03_P1.00mm_Vertical_SMD_Pin1Left,123,-95,-90,bottom
J12,Conn_01x10_Pin,PinHeader_1x10_P1.00mm_Vertical_SMD_Pin1Left,122.5,-105,-90,bottom
J13,Conn_01x03_Pin,PinHeader_1x03_P1.00mm_Vertical_SMD_Pin1Left,119,-100,-90,bottom
J14,Conn_01x02_Pin,PinHeader_1x02_P1.00mm_Vertical_SMD_Pin1Left,127,-95,-90,bottom
J15,Conn_01x03_Pin,PinHeader_1x03_P1.00mm_Vertical_SMD_Pin1Left,131,-105,-90,bottom
C1,100n,C_0402_1005Metric,119.1,-86.5,90,top
C2,4.7u,C_1206_3216Metric,111.5,-113.5,180,top
C3,100n,C_0402_1005Metric,141.2,-101.4,0,top
C4,100n,C_0402_1005Metric,124.5,-113.5,-90,top
C5,100n,C_0402_1005Metric,138.5,-97.5,0,top
C6,100n,C_0402_1005Metric,129.52,-113.52,-90,top
C7,100n,C_0402_1005Metric,111.5,-102.75,180,top
C8,100n,C_0402_1005Metric,111.5,-110.25,180,top
C9,100n,C_0402_1005Metric,111.5,-95.75,180,top
C10,1u,C_0805_2012Metric,130.5,-69,90,top
C11,100n,C_0402_1005Metric,121.5,-66.4,0,top
C12,100n,C_0402_1005Metric,125.5,-113.5,-90,top
C13,100n,C_0402_1005Metric,138.5,-111,0,top
C14,100n,C_0402_1005Metric,111.5,-93.25,180,top
C15,100n,C_0402_1005Metric,120.9,-86.5,90,top
C16,4.7u,C_1206_3216Metric,111.5,-86.5,180,top
C17,100n,C_0402_1005Metric,131.6,-86.5,90,top
C18,4.7u,C_1206_3216Metric,138.5,-86.5,180,top
C19,100n,C_0402_1005Metric,133.5,-113.5,-90,top
C20,4.7u,C_1206_3216Metric,138.5,-113.5,0,top
C21,100n,C_0402_1005Metric,138.5,-100,0,top
C22,100n,C_0402_1005Metric,111.5,-99.75,180,top
C23,4.7u,C_1206_3216Metric,108,-99.3,0,top
C24,100n,C_0402_1005Metric,86.9,-101.05,-90,top
C25,100n,C_0402_1005Metric,84,-88.5,90,top
C26,100n,C_0402_1005Metric,79,-91.4,180,top
C27,100n,C_0402_1005Metric,79,-96,180,top
C28,100n,C_0402_1005Metric,91.52,-95.8,0,top
C29,100n,C_0402_1005Metric,91.5,-91.5,0,top
C30,100n,C_0402_1005Metric,85,-88.5,90,top
C31,100n,C_0402_1005Metric,85.9,-101.05,-90,top
C32,100n,C_0402_1005Metric,84.15,-79.575,90,top
C33,1u 25V,C_0402_1005Metric,88,-88.52,90,top
C34,1u 25V,C_0402_1005Metric,89,-88.5,90,top
C35,10u,C_1206_3216Metric,71.25,-98.5,90,top
C36,100n,C_0402_1005Metric,71.25,-101.3,0,top
C37,10u,C_1206_3216Metric,71.25,-80.25,90,top
C38,100n,C_0402_1005Metric,71.25,-83.05,0,top
C39,15p,C_0402_1005Metric,82.2,-104.1,-90,top
C40,15p,C_0402_1005Metric,87.4,-104.08,90,top
C41,100n,C_0402_1005Metric,68.3,-115,-90,top
C42,10u,C_1206_3216Metric,70.5,-120.2,180,top
C43,100n,C_0402_1005Metric,70.52,-118.5,0,top
C44,100p,C_0402_1005Metric,66.8,-112.5,180,top
C45,22u,C_0603_1608Metric,67,-119.9,-90,top
C46,22u,C_0603_1608Metric,65.5,-119.9,-90,top
C47,1u,C_0805_2012Metric,91.7,-126.79,0,top
C48,1u,C_0805_2012Metric,91.6525,-116.7,0,top
C49,10u,C_1206_3216Metric,92.3,-122.79,0,top
C50,10u,C_1206_3216Metric,92.2525,-112.7,0,top
C51,100n,C_0402_1005Metric,59.8,-115,-90,top
C52,1u,C_0805_2012Metric,86.5,-129.19,180,top
C53,1u,C_0805_2012Metric,86.5525,-119.2,180,top
C54,10u,C_1206_3216Metric,62,-120.2,180,top
C55,100n,C_0402_1005Metric,62,-118.5,0,top
C56,47p,C_0402_1005Metric,58.3,-112.5,180,top
C57,22u,C_0603_1608Metric,56.5,-119.9,-90,top
C58,22u,C_0603_1608Metric,58,-119.9,-90,top
C59,100n,C_0402_1005Metric,77.4,-115,-90,top
C60,10u,C_1206_3216Metric,79.6,-120.2,180,top
C61,100n,C_0402_1005Metric,79.6,-118.5,0,top
C62,47p,C_0402_1005Metric,75.9,-111.5,180,top
C63,22u,C_0603_1608Metric,76.5,-119.9,-90,top
C64,22u,C_0603_1608Metric,75,-119.9,-90,top
C65,10u,C_1206_3216Metric,65.475,-139.7,0,top
C66,1u,C_0805_2012Metric,63,-129.65,180,top
C67,1u,C_0805_2012Metric,68,-131,0,top
C68,1u,C_0805_2012Metric,121.5,-69,-90,top
C69,100n,C_0402_1005Metric,121.5,-71.625,180,top
C70,1u,C_0805_2012Metric,112.5,-69.125,-90,top
C71,100n,C_0402_1005Metric,112.5,-71.625,180,top
C72,1u,C_0805_2012Metric,103.5,-69.125,-90,top
C73,100n,C_0402_1005Metric,103.52,-71.625,180,top
C74,100n,C_0402_1005Metric,102,-142.52,-90,top
C75,1u,C_0805_2012Metric,100.5,-143,-90,top
C76,10u,C_1206_3216Metric,154,-123,180,top
C77,100n,C_0402_1005Metric,155,-125.25,-90,top
C78,1u,C_0805_2012Metric,111.5,-143,-90,top
C79,10u,C_1206_3216Metric,176,-123,180,top
C80,100n,C_0402_1005Metric,179,-125.25,-90,top
C81,100n,C_0402_1005Metric,102,-136.5,-90,top
C82,1u,C_0805_2012Metric,100.5,-137,-90,top
C83,1u,C_0805_2012Metric,111.5,-137,-90,top
C84,10u,C_1206_3216Metric,188,-111,-90,top
C85,100n,C_0402_1005Metric,190.25,-110,0,top
C86,100n,C_0402_1005Metric,102,-130.5,-90,top
C87,1u,C_0805_2012Metric,100.5,-131,-90,top
C88,10u,C_1206_3216Metric,188,-89,-90,top
C89,100n,C_0402_1005Metric,190.25,-86,0,top
C90,1u,C_0805_2012Metric,111.5,-131,-90,top
C91,10u,C_1206_3216Metric,176,-77,0,top
C92,100n,C_0402_1005Metric,175,-74.75,90,top
C93,100n,C_0402_1005Metric,102,-124.5,-90,top
C94,1u,C_0805_2012Metric,100.5,-125,-90,top
C95,1u,C_0805_2012Metric,111.5,-125,-90,top
C96,10u,C_1206_3216Metric,154,-77,0,top
C97,100n,C_0402_1005Metric,151,-74.77,90,top
C98,100n,C_0402_1005Metric,169,-113.5,-90,top
C99,100n,C_0402_1005Metric,169,-110.5,90,top
C100,100n,C_0402_1005Metric,145,-125.1,-90,top
C101,100n,C_0402_1005Metric,196.7,-95.7,0,top
C102,100n,C_0402_1005Metric,178.5,-96,0,top
C103,100n,C_0402_1005Metric,175.5,-96,180,top
C104,100n,C_0402_1005Metric,156.8,-130.92,-90,top
C105,100n,C_0402_1005Metric,192.5,-83.5,0,top
C106,100n,C_0402_1005Metric,169.3,-131.7,-90,top
C107,100n,C_0402_1005Metric,185,-74.92,90,top
C108,100n,C_0402_1005Metric,161,-86.5,90,top
C109,100n,C_0402_1005Metric,161,-89.5,-90,top
C110,100n,C_0402_1005Metric,181.5,-127.4,-90,top
C111,100n,C_0402_1005Metric,173.2,-69.02,90,top
C112,1u,C_0805_2012Metric,198.05,-100,0,top
C113,100n,C_0402_1005Metric,190.1,-120,0,top
C114,100n,C_0402_1005Metric,160.5,-68.3,90,top
C115,100n,C_0402_1005Metric,195.92,-108.2,0,top
C116,100n,C_0402_1005Metric,148.5,-72.5,90,top
D1,LED,LED_0805_2012Metric,123,-61.7,-90,top
D2,LED,LED_0805_2012Metric,125,-61.7,-90,top
D3,LED,LED_0805_2012Metric,127,-61.7,-90,top
D4,LED,LED_0805_2012Metric,129,-61.7,-90,top
D5,LED,LED_0805_2012Metric,123,-76,90,top
D6,LED,LED_0805_2012Metric,125,-76,90,top
D7,1N4148WS,D_SOD-323,135,-114,-90,top
D8,LED,LED_0805_2012Metric,127,-76,90,top
D9,LED,LED_0805_2012Metric,129,-76,90,top
D10,ESDA25P35,D_1610_4027Metric,62,-131.8,90,top
D11,LED,LED_0805_2012Metric,76,-133,90,top
D12,LED,LED_0805_2012Metric,73,-133,90,top
D13,LED,LED_0805_2012Metric,64.2,-61.5,180,top
D14,LED,LED_0805_2012Metric,119.9,-76.125,90,top
D15,LED,LED_0805_2012Metric,117.9,-76.125,90,top
D16,LED,LED_0805_2012Metric,115.9,-76.125,90,top
D17,LED,LED_0805_2012Metric,113.9,-76.125,90,top
D18,LED,LED_0805_2012Metric,119.92,-61.75,-90,top
D19,LED,LED_0805_2012Metric,117.92,-61.75,-90,top
D20,LED,LED_0805_2012Metric,115.92,-61.75,-90,top
D21,LED,LED_0805_2012Metric,113.92,-61.75,-90,top
D22,LED,LED_0805_2012Metric,111,-76.125,90,top
D23,LED,LED_0805_2012Metric,109,-76.125,90,top
D24,LED,LED_0805_2012Metric,107,-76.125,90,top
D25,LED,LED_0805_2012Metric,105,-76.125,90,top
D26,LED,LED_0805_2012Metric,111.02,-61.75,-90,top
D27,LED,LED_0805_2012Metric,109.02,-61.75,-90,top
D28,LED,LED_0805_2012Metric,107.02,-61.75,-90,top
D29,LED,LED_0805_2012Metric,105.02,-61.75,-90,top
D30,LED,LED_0805_2012Metric,102,-76.125,90,top
D31,LED,LED_0805_2012Metric,100,-76.125,90,top
D32,LED,LED_0805_2012Metric,98,-76.125,90,top
D33,LED,LED_0805_2012Metric,96,-76.125,90,top
D34,LED,LED_0805_2012Metric,102.02,-61.75,-90,top
D35,LED,LED_0805_2012Metric,100.02,-61.75,-90,top
D36,LED,LED_0805_2012Metric,98.02,-61.75,-90,top
D37,LED,LED_0805_2012Metric,96.02,-61.75,-90,top
J1,IPEX-1,BWIPX-1-001E,116.475,-117.5,0,top
J2,IPEX-1,BWIPX-1-001E,121.5,-117.5,0,top
J3,IPEX-1,BWIPX-1-001E,105,-82,180,top
J4,IPEX-1,BWIPX-1-001E,126.5,-117.5,0,top
J5,IPEX-1,BWIPX-1-001E,99,-82,180,top
J6,IPEX-1,BWIPX-1-001E,99,-88.5,180,top
J7,IPEX-1,BWIPX-1-001E,98.9,-95,180,top
J8,IPEX-1,BWIPX-1-001E,105,-88.5,180,top
J9,IPEX-1,BWIPX-1-001E,105,-95,180,top
J16,Micro_SD_Card_Det1,microSD_HC_MSD-4-A,60,-101,-90,top
J17,Conn_01x03_Pin,PinHeader_1x03_P2.54mm_Vertical,82.76,-107.7,90,top
J18,Micro_SD_Card_Det1,microSD_HC_MSD-4-A,60,-83,-90,top
J19,USB_C_Receptacle_USB2.0_16P,USB_C_Receptacle_GCT_USB4105-xx-A_16P_TopMnt_Horizontal,56.5,-135,-90,top
J20,USB_C_Receptacle_USB2.0_16P,USB_C_Receptacle_GCT_USB4105-xx-A_16P_TopMnt_Horizontal,56.5,-65,-90,top
J21,IPEX-1,BWIPX-1-001E,136.452301,-134.78547,-39.375,top
J22,IPEX-1,BWIPX-1-001E,209.783313,-95.58923,95.625,top
J23,IPEX-1,BWIPX-1-001E,143.787146,-139.686456,-28.125,top
J24,IPEX-1,BWIPX-1-001E,208.062316,-86.937191,106.875,top
J25,IPEX-1,BWIPX-1-001E,151.937188,-143.062315,-16.875,top
J26,IPEX-1,BWIPX-1-001E,204.686458,-78.787148,118.125,top
J27,IPEX-1,BWIPX-1-001E,160.589227,-144.783313,-5.625,top
J28,IPEX-1,BWIPX-1-001E,199.785471,-71.452303,129.375,top
J29,IPEX-1,BWIPX-1-001E,169.41077,-144.783313,5.625,top
J30,IPEX-1,BWIPX-1-001E,193.547699,-65.21453,140.625,top
J31,IPEX-1,BWIPX-1-001E,178.062809,-143.062316,16.875,top
J32,IPEX-1,BWIPX-1-001E,186.212854,-60.313544,151.875,top
J33,IPEX-1,BWIPX-1-001E,186.212852,-139.686458,28.125,top
J34,IPEX-1,BWIPX-1-001E,178.062812,-56.937685,163.125,top
J35,IPEX-1,BWIPX-1-001E,193.547697,-134.785471,39.375,top
J36,IPEX-1,BWIPX-1-001E,169.410773,-55.216687,174.375,top
J37,IPEX-1,BWIPX-1-001E,199.78547,-128.547699,50.625,top
J38,IPEX-1,BWIPX-1-001E,160.58923,-55.216687,-174.375,top
J39,IPEX-1,BWIPX-1-001E,204.686456,-121.212854,61.875,top
J40,IPEX-1,BWIPX-1-001E,151.937191,-56.937684,-163.125,top
J41,IPEX-1,BWIPX-1-001E,208.062315,-113.062812,73.125,top
J42,IPEX-1,BWIPX-1-001E,143.787148,-60.313542,-151.875,top
J43,IPEX-1,BWIPX-1-001E,209.783313,-104.410773,84.375,top
J44,IPEX-1,BWIPX-1-001E,136.452303,-65.214529,-140.625,top
J45,Conn_01x24_Pin,PinHeader_1x24_P2.54mm_Vertical,129.54,-56,-90,top
L1,10uH,L_Changjiang_FXL0630,69,-125,180,top
L2,10uH,L_Changjiang_FXL0630,60,-125,180,top
L3,10uH,L_Changjiang_FXL0630,77.9,-125,180,top
R1,49.9R,R_0402_1005Metric,118.5,-113.5,90,top
R2,49.9R,R_0402_1005Metric,119.5,-113.5,90,top
R3,0R,R_0402_1005Metric,111.5,-91.25,0,top
R4,0R,R_0402_1005Metric,126.5,-113.5,90,top
R5,0R,R_0402_1005Metric,111.5,-92.25,0,top
R6,0R,R_0402_1005Metric,111.5,-97.75,0,top
R7,0R,R_0402_1005Metric,111.51,-101.75,0,top
R8,0R,R_0402_1005Metric,111.5,-96.75,0,top
R9,0R,R_0402_1005Metric,111.5,-100.75,0,top
R10,470R,R_0402_1005Metric,123,-64.2,0,top
R11,470R,R_0402_1005Metric,125,-64.2,0,top
R12,470R,R_0402_1005Metric,127,-64.2,0,top
R13,470R,R_0402_1005Metric,129,-64.2,0,top
R14,470R,R_0402_1005Metric,123,-73.7,180,top
R15,470R,R_0402_1005Metric,125,-73.7,180,top
R16,470R,R_0402_1005Metric,127,-73.7,180,top
R17,100R,R_0402_1005Metric,108.24,-97.5,180,top
R18,470R,R_0402_1005Metric,129,-73.7,180,top
R19,0R,R_0402_1005Metric,121.5,-76.01,90,top
R20,0R,R_0402_1005Metric,138.5,-99,0,top
R21,10k,R_0402_1005Metric,79.25,-79.975,180,top
R22,4.7k,R_0402_1005Metric,79,-93.4,0,top
R23,4.7k,R_0402_1005Metric,79,-92.4,0,top
R24,1k,R_0402_1005Metric,91.5,-104.09,-90,top
R25,27R,R_0402_1005Metric,85.99,-88.5,-90,top
R26,27R,R_0402_1005Metric,87,-88.5,-90,top
R27,1k,R_0402_1005Metric,79.25,-78.975,180,top
R28,10k,R_0402_1005Metric,88.8,-101.05,90,top
R29,10k,R_0402_1005Metric,83.55,-101.04,90,top
R30,10k,R_0402_1005Metric,82.55,-101.06,90,top
R31,10k,R_0402_1005Metric,111.51,-105.75,0,top
R32,10k,R_0402_1005Metric,69.75,-93.98,-90,top
R33,0R,R_0402_1005Metric,70.75,-93.99,90,top
R34,10k,R_0402_1005Metric,111.5,-109.25,0,top
R35,10k,R_0402_1005Metric,69.75,-75.75,-90,top
R36,0R,R_0402_1005Metric,70.75,-75.74,90,top
R37,1k,R_0402_1005Metric,84.9,-101.05,90,top
R38,47k,R_0402_1005Metric,66.8,-113.5,180,top
R39,100k,R_0603_1608Metric,73,-115,90,top
R40,47k,R_0402_1005Metric,66.29,-114.99,90,top
R41,33k,R_0402_1005Metric,67.3,-114.99,90,top
R42,100k,R_0402_1005Metric,58.3,-113.5,180,top
R43,100k,R_0603_1608Metric,64.5,-115,90,top
R44,22k,R_0402_1005Metric,57.8,-114.99,90,top
R45,33k,R_0402_1005Metric,58.8,-114.99,90,top
R46,100k,R_0402_1005Metric,75.9,-112.5,180,top
R47,220k,R_0603_1608Metric,82.1,-115,90,top
R48,10k,R_0402_1005Metric,75.9,-113.5,180,top
R49,47k,R_0402_1005Metric,76.4,-115,90,top
R50,1k,R_0402_1005Metric,75.4,-115,90,top
R51,10k,R_0402_1005Metric,74.5,-131.01,-90,top
R52,1k,R_0402_1005Metric,65.01,-131.5,0,top
R53,22k,R_0402_1005Metric,76,-130.5,0,top
R54,1k,R_0402_1005Metric,73,-130.5,0,top
R55,10k,R_0402_1005Metric,77.5,-132.51,90,top
R56,10k,R_0402_1005Metric,77.5,-135,90,top
R57,10k,R_0402_1005Metric,77.5,-137.5,90,top
R58,470R,R_0402_1005Metric,61.9375,-61.5,-90,top
R59,5.1k,R_0402_1005Metric,62.5,-63.5,180,top
R60,5.1k,R_0402_1005Metric,62.5,-67,0,top
R61,470R,R_0402_1005Metric,119.87,-73.75,180,top
R62,470R,R_0402_1005Metric,117.88,-73.75,180,top
R63,470R,R_0402_1005Metric,115.89,-73.75,180,top
R64,470R,R_0402_1005Metric,113.9,-73.75,180,top
R65,470R,R_0402_1005Metric,119.9,-64.25,0,top
R66,470R,R_0402_1005Metric,117.91,-64.25,0,top
R67,470R,R_0402_1005Metric,115.92,-64.25,0,top
R68,470R,R_0402_1005Metric,113.99,-64.25,0,top
R69,0R,R_0402_1005Metric,112.45,-76.125,90,top
R70,470R,R_0402_1005Metric,111,-73.75,180,top
R71,470R,R_0402_1005Metric,109,-73.75,180,top
R72,470R,R_0402_1005Metric,106.99,-73.75,180,top
R73,470R,R_0402_1005Metric,105,-73.75,180,top
R74,470R,R_0402_1005Metric,111,-64.25,0,top
R75,470R,R_0402_1005Metric,109.01,-64.25,0,top
R76,470R,R_0402_1005Metric,107.02,-64.25,0,top
R77,470R,R_0402_1005Metric,105,-64.25,0,top
R78,0R,R_0402_1005Metric,103.5,-76.125,90,top
R80,470R,R_0402_1005Metric,102,-73.75,180,top
R81,470R,R_0402_1005Metric,100,-73.75,180,top
R82,470R,R_0402_1005Metric,98,-73.75,180,top
R83,470R,R_0402_1005Metric,96,-73.75,180,top
R84,470R,R_0402_1005Metric,102,-64.25,0,top
R85,470R,R_0402_1005Metric,99.98,-64.25,0,top
R86,470R,R_0402_1005Metric,98,-64.25,0,top
R87,470R,R_0402_1005Metric,96,-64.25,0,top
R88,0R,R_0402_1005Metric,94.5,-76.125,90,top
R89,49.9R,R_0603_1608Metric,140.8,-133.4,-33.75,top
R90,49.9R,R_0603_1608Metric,205.7,-93.5,101.25,top
R91,10R,R_0402_1005Metric,183.5,-125.99,90,top
R92,10R,R_0402_1005Metric,182.5,-125.99,90,top
R93,10R,R_0402_1005Metric,171.5,-131.01,90,top
R94,10R,R_0402_1005Metric,170.5,-131.01,90,top
R95,10R,R_0402_1005Metric,159.5,-131.01,90,top
R96,49.9R,R_0603_1608Metric,144.4,-135.8,146.25,top
R97,49.9R,R_0603_1608Metric,204.8,-89.4,-78.75,top
R98,10R,R_0402_1005Metric,158.5,-131.01,90,top
R99,10R,R_0402_1005Metric,147.5,-125.99,90,top
R100,10R,R_0402_1005Metric,146.5,-125.99,90,top
R101,49.9R,R_0603_1608Metric,155.7,-140.1,-11.25,top
R102,49.9R,R_0603_1608Metric,200.1,-78.3,123.75,top
R103,49.9R,R_0603_1608Metric,159.8,-140.9,168.75,top
R104,49.9R,R_0603_1608Metric,197.7,-74.8,-56.25,top
R105,10R,R_0402_1005Metric,191,-81.5,180,top
R106,10R,R_0402_1005Metric,191,-82.5,180,top
R107,49.9R,R_0603_1608Metric,171.4,-140.7,11.25,top
R108,49.9R,R_0603_1608Metric,189.185962,-66.6,146.25,top
R109,10R,R_0402_1005Metric,195.99,-93.5,180,top
R110,10R,R_0402_1005Metric,195.99,-94.5,180,top
R111,10R,R_0402_1005Metric,196,-105.5,180,top
R112,10R,R_0402_1005Metric,196,-106.5,180,top
R113,10R,R_0402_1005Metric,191,-117.5,180,top
R114,49.9R,R_0603_1608Metric,175.6,-139.8,-168.75,top
R115,49.9R,R_0603_1608Metric,185.7,-64.3,-33.75,top
R116,10R,R_0402_1005Metric,191,-118.5,180,top
R117,49.9R,R_0603_1608Metric,186.8,-135,33.75,top
R118,49.9R,R_0603_1608Metric,174.3,-59.9,168.75,top
R119,49.9R,R_0603_1608Metric,190.2,-132.7,-146.25,top
R120,49.9R,R_0603_1608Metric,170.2,-59.1,-11.25,top
R121,10R,R_0402_1005Metric,146.5,-74,-90,top
R122,10R,R_0402_1005Metric,147.5,-74,-90,top
R123,10R,R_0402_1005Metric,158.5,-69,-90,top
R124,49.9R,R_0603_1608Metric,198.4,-124.2,56.25,top
R125,49.9R,R_0603_1608Metric,158.6,-59.3,-168.75,top
R126,10R,R_0402_1005Metric,159.5,-69,-90,top
R127,10R,R_0402_1005Metric,170.5,-69,-90,top
R128,10R,R_0402_1005Metric,171.5,-69,-90,top
R129,10R,R_0402_1005Metric,182.5,-74,-90,top
R130,10R,R_0402_1005Metric,183.5,-74,-90,top
R131,49.9R,R_0603_1608Metric,200.7,-120.7,-123.75,top
R132,49.9R,R_0603_1608Metric,154.4,-60.2,11.25,top
R133,49.9R,R_0603_1608Metric,205.1,-109.4,78.75,top
R134,49.9R,R_0603_1608Metric,143.2,-65,-146.25,top
R135,49.9R,R_0603_1608Metric,205.9,-105.2,-101.25,top
R136,49.9R,R_0603_1608Metric,139.7,-67.3,33.75,top
SW1,SW_DIP_x03,SW_DIP_SPSTx03_Slide_6.7x9.18mm_W8.61mm_P2.54mm_LowProfile,84,-135.1,0,top
SW2,SW_DIP_x03,SW_DIP_SPSTx03_Slide_6.7x9.18mm_W8.61mm_P2.54mm_LowProfile,127.5,-139.5,90,top
SW3,SW_DIP_x03,SW_DIP_SPSTx03_Slide_6.7x9.18mm_W8.61mm_P2.54mm_LowProfile,117.5,-139.5,90,top
SW4,SW_DIP_x03,SW_DIP_SPSTx03_Slide_6.7x9.18mm_W8.61mm_P2.54mm_LowProfile,127.5,-127.5,90,top
SW5,SW_DIP_x03,SW_DIP_SPSTx03_Slide_6.7x9.18mm_W8.61mm_P2.54mm_LowProfile,117.5,-127.5,90,top
SW6,SW_DIP_x03,SW_DIP_SPSTx03_Slide_6.7x9.18mm_W8.61mm_P2.54mm_LowProfile,102,-116,180,top
TP4,TestPoint_Alt,TestPoint_Keystone_5015_Micro_Mini,181,-115,90,top
TP7,TestPoint_Alt,TestPoint_Keystone_5015_Micro_Mini,139.5,-128.9,146.25,top
TP8,TestPoint_Alt,TestPoint_Keystone_5015_Micro_Mini,148,-134.5,146.25,top
TP9,TestPoint_Alt,TestPoint_Keystone_5015_Micro_Mini,152.75,-136.25,168.75,top
TP10,TestPoint_Alt,TestPoint_Keystone_5015_Micro_Mini,162.5,-138.25,168.75,top
TP12,TestPoint_Alt,TestPoint_Keystone_5015_Micro_Mini,167.5,-138.25,-168.75,top
TP13,TestPoint_Alt,TestPoint_Keystone_5015_Micro_Mini,177,-136.25,-168.75,top
TP15,TestPoint_Alt,TestPoint_Keystone_5015_Micro_Mini,182,-134.25,-146.25,top
TP17,TestPoint_Alt,TestPoint_Keystone_5015_Micro_Mini,190.25,-128.75,-146.25,top
TP19,TestPoint_Alt,TestPoint_Keystone_5015_Micro_Mini,193.75,-125.25,-123.75,top
TP20,TestPoint_Alt,TestPoint_Keystone_5015_Micro_Mini,199.25,-117,-123.75,top
TP21,TestPoint_Alt,TestPoint_Keystone_5015_Micro_Mini,201.5,-112.25,-101.25,top
TP22,TestPoint_Alt,TestPoint_Keystone_5015_Micro_Mini,203.25,-102.5,-101.25,top
TP24,TestPoint_Alt,TestPoint_Keystone_5015_Micro_Mini,181,-85,-90,top
TP26,TestPoint_Alt,TestPoint_Keystone_5015_Micro_Mini,203.25,-97.5,-78.75,top
TP28,TestPoint_Alt,TestPoint_Keystone_5015_Micro_Mini,201.5,-87.75,-78.75,top
TP29,TestPoint_Alt,TestPoint_Keystone_5015_Micro_Mini,199.25,-83,-56.25,top
TP30,TestPoint_Alt,TestPoint_Keystone_5015_Micro_Mini,193.75,-74.75,-56.25,top
TP32,TestPoint_Alt,TestPoint_Keystone_5015_Micro_Mini,190.25,-71.25,-33.75,top
TP33,TestPoint_Alt,TestPoint_Keystone_5015_Micro_Mini,182,-65.5,-33.75,top
TP35,TestPoint_Alt,TestPoint_Keystone_5015_Micro_Mini,177.25,-63.5,-11.25,top
TP37,TestPoint_Alt,TestPoint_Keystone_5015_Micro_Mini,167.5,-61.75,-11.25,top
TP39,TestPoint_Alt,TestPoint_Keystone_5015_Micro_Mini,162.5,-61.75,11.25,top
TP40,TestPoint_Alt,TestPoint_Keystone_5015_Micro_Mini,152.75,-63.5,11.25,top
TP41,TestPoint_Alt,TestPoint_Keystone_5015_Micro_Mini,148,-65.5,33.75,top
TP42,TestPoint_Alt,TestPoint_Keystone_5015_Micro_Mini,139.5,-71.5,33.75,top
TP44,TestPoint_Alt,TestPoint_Keystone_5015_Micro_Mini,98.4,-109.7,0,top
U1,ICE40HX4K-TQ144,TQFP-144_20x20mm_P0.5mm,125,-100,-90,top
U2,74HC244,TSSOP-20_4.4x6.5mm_P0.65mm,126,-69,90,top
U3,W25Q32JVZP,WSON-8-1EP_6x5mm_P1.27mm_EP3.4x4.3mm,81.45,-83.275,0,top
U4,RP2040,QFN-56-1EP_7x7mm_P0.4mm_EP3.2x3.2mm,85.3,-94.8,0,top
U5,TPS54302,SOT-23-6,70.5,-115,90,top
U6,TPS7A4701,Texas_RGW0020A_VQFN-20-1EP_5x5mm_P0.65mm_EP3.15x3.15mm_ThermalVias,86.79,-125,-90,top
U7,TPS7A4701,Texas_RGW0020A_VQFN-20-1EP_5x5mm_P0.65mm_EP3.15x3.15mm_ThermalVias,86.79,-115,-90,top
U8,TPS54302,SOT-23-6,62,-115,90,top
U9,TPS54302,SOT-23-6,79.6,-115,90,top
U10,CH224K,SSOP-10-1EP_3.9x4.9mm_P1mm_EP2.1x3.3mm,68,-135,0,top
U11,74HC244,TSSOP-20_4.4x6.5mm_P0.65mm,117,-69,-90,top
U12,74HC244,TSSOP-20_4.4x6.5mm_P0.65mm,108,-69,-90,top
U13,74HC244,TSSOP-20_4.4x6.5mm_P0.65mm,99,-69,-90,top
U14,REF5030ID,SOIC-8_3.9x4.9mm_P1.27mm,106.5,-142.5,0,top
U15,MCP4728,MSOP-10_3x3mm_P0.5mm,153,-128,-90,top
U16,MCP4728,MSOP-10_3x3mm_P0.5mm,177,-128,-90,top
U17,REF5050ID,SOIC-8_3.9x4.9mm_P1.27mm,106.5,-136.5,0,top
U18,MCP4728,MSOP-10_3x3mm_P0.5mm,193,-112,0,top
U19,REF5030ID,SOIC-8_3.9x4.9mm_P1.27mm,106.5,-130.5,0,top
U20,MCP4728,MSOP-10_3x3mm_P0.5mm,193,-88,0,top
U21,MCP4728,MSOP-10_3x3mm_P0.5mm,177,-72,90,top
U22,REF5050ID,SOIC-8_3.9x4.9mm_P1.27mm,106.5,-124.5,0,top
U23,MCP4728,MSOP-10_3x3mm_P0.5mm,153,-72,90,top
U24,TXB0108PW,TSSOP-20_4.4x6.5mm_P0.65mm,165,-112,-90,top
U25,TLV3502AIDR,SOIC-8_3.9x4.9mm_P1.27mm,144.5,-130.5,56.25,top
U26,TLV3502AIDR,SOIC-8_3.9x4.9mm_P1.27mm,201,-93,-168.75,top
U27,TLV3502AIDR,SOIC-8_3.9x4.9mm_P1.27mm,158,-136,78.75,top
U28,TLV3502AIDR,SOIC-8_3.9x4.9mm_P1.27mm,195.5,-79.5,-146.25,top
U29,TXB0108PW,TSSOP-20_4.4x6.5mm_P0.65mm,177,-100,0,top
U30,TLV3502AIDR,SOIC-8_3.9x4.9mm_P1.27mm,172,-136,101.25,top
U31,TLV3502AIDR,SOIC-8_3.9x4.9mm_P1.27mm,185.5,-69.5,-123.75,top
U32,TLV3502AIDR,SOIC-8_3.9x4.9mm_P1.27mm,185.5,-130.5,123.75,top
U33,TLV3502AIDR,SOIC-8_3.9x4.9mm_P1.27mm,172,-64,-101.25,top
U34,TXB0108PW,TSSOP-20_4.4x6.5mm_P0.65mm,165,-88,90,top
U35,TLV3502AIDR,SOIC-8_3.9x4.9mm_P1.27mm,195.5,-120.5,146.25,top
U36,TLV3502AIDR,SOIC-8_3.9x4.9mm_P1.27mm,158,-64,-78.75,top
U37,TLV3502AIDR,SOIC-8_3.9x4.9mm_P1.27mm,201,-107,168.75,top
U38,TLV3502AIDR,SOIC-8_3.9x4.9mm_P1.27mm,144.5,-69.5,-56.25,top
Y1,12 MHz ABM8-272-T3,Crystal_SMD_Abracon_ABM8AIG-4Pin_3.2x2.5mm,84.8,-104.1,0,top
